card_name,issuer,card_tier,joining_fee,annual_fee,min_income_annual_lakhs,base_reward_rate,reward_unit,point_value,travel_multiplier,air_india_transfer_ratio,milestone_ticket,domestic_lounge,international_lounge,forex_markup,reward_redemption_fee,is_ltf,search_tags,monthly_reward_cap,lounge_cap_details,retention_spend_req,forex_effective,emirates_suitability,notes_tnc,fuel_reward_rate,fuel_cap,surcharge_waiver,Transaction Range (min – max),~,multiplier_channel,direct_booking_rate,airline_partners__001,airline_partners__002,airline_partners__003,airline_partners__004,points_redemption_value_travel,instant_discount_eligible,booking_convenience_fee_waiver,grocery_rate,dining_rate,movie_rate,lifestyle_cap,milestone_benefit,joining_benefit,airline_transfer_json,hotel_transfer_json,gift_vouchers,detailed_rewards_json
HDFC Infinia Metal,HDFC,Ultra,12500,12500,60,3.3%,Points,1.0,5,1.0,No,Unlimited,Unlimited,2%,0.0,False,"luxury, air_india, travel",2L RP/Cycle (1.5L/mth flights/hotels),Truly Unlimited,₹18L Annual Spend OR ₹50L RLV,2.36%,High,Retention updated 2026; 1:1 SmartBuy/Miles.,0.00%,"₹1,000.00",1.00%,₹400 - ₹100000,All Stations,SmartBuy Portal Only,3.3%,IndiGo,Air India,Vistara,International,1.0,10% SmartBuy Sales,0,3.3%,3.3%,3.3%,No Cap,12.5k Points on Renewal,"12,500 Reward Points","{""Air India"": ""1:1"", ""Vistara"": ""1:1"", ""Singapore Airlines"": ""1:1"", ""British Airways"": ""1:1""}","{""Marriott Bonvoy"": ""1:1"", ""ITC"": ""1:1""}","Amazon, Flipkart, Tanishq via SmartBuy","{""Utility"": ""Base Rate"", ""Insurance"": ""Excluded"", ""Rent"": ""Excluded"", ""Dining"": ""10x SmartBuy"", ""Travel"": ""10x SmartBuy"", ""Grocery"": ""3.3%""}"
Axis Atlas,Axis,Premium,5000,5000,15,2%,Miles,1.0,5,2.0,No,18,12,3.5%,199.0,False,"travel, miles, air_india",Tiered Miles Cap,Spend-based Tiers,None (Fixed Fee),3.89%,High,Miles capped by Partner Groups A/B (2026).,0.00%,₹400.00,1.00%,₹400 - ₹4000,All Stations,Direct & Travel Edge,4% (as Edge Miles),Air India,Vistara,IndiGo,60+ Partners,1.0,Direct booking 5X Miles,0,2.0%,4.0%,2.0%,Axis Miles Cap,Gold/Platinum Tier @ ₹7L/15L,"5,000 EDGE Miles","{""Air India"": ""1:2"", ""Vistara"": ""1:2"", ""Turkish Airlines"": ""1:2""}","{""Marriott Bonvoy"": ""1:2"", ""Accor"": ""1:1""}",Available via Reward Portal,"{""Utility"": ""Base Rate"", ""Insurance"": ""Excluded"", ""Rent"": ""Excluded"", ""Travel"": ""5 Miles / \u20b9100"", ""Dining"": ""2 Miles / \u20b9100""}"
Air India SBI Sig,SBI,Premium,4999,4999,15,0.75%,Points,1.0,10,1.0,No,8,4,1.99%,99.0,False,"air_india, maharaja, flights",Standard SBI,₹75k/Qtr for Lounge,,2.35%,High,Direct Maharaja Club miles; SBI exclusions.,0.00%,₹250.00,1.00%,₹500 - ₹4000,All Stations,Direct & Air India Website,2%-5% (Co-branded),Air India,Star Alliance,,,1.0,10% SBI Sales,0,2.0%,3.0%,0.75%,No Cap,High Spend Vouchers,Welcome points equivalent to fee,"{""General"": ""N/A""}","{""General"": ""N/A""}",Available via Reward Portal,"{""Utility"": ""Base Rate"", ""Insurance"": ""Excluded"", ""Rent"": ""Excluded""}"
Axis Vistara Inf,Axis,Ultra,10000,10000,30,1.5%,CV_Points,1.0,1,1.0,Yes,Unlimited,Unlimited,2%,0.0,False,"vistara, business_class, dubai",Vistara Caps,Unlimited,,2.36%,Med-High,Full merger to Maharaja Club in Mar 2026.,0.00%,₹400.00,1.00%,₹400 - ₹4000,All Stations,Direct & Vistara Website,2%-5% (Co-branded),Vistara,Air India,,,1.0,10% on Cleartrip/Yatra,0,2.0%,3.0%,1.5%,No Cap,High Spend Vouchers,Welcome points equivalent to fee,"{""General"": ""N/A""}","{""General"": ""N/A""}",Available via Reward Portal,"{""Utility"": ""Base Rate"", ""Insurance"": ""Excluded"", ""Rent"": ""Excluded""}"
HDFC Diners Black,HDFC,Ultra,10000,10000,30,3.3%,Points,1.0,5,1.0,No,Unlimited,Unlimited,2%,99.0,False,"premium, travel, dining",2L RP/Cycle,Unlimited,₹10L Annual Spend,2.36%,High,Retains ₹10L waiver; lower barrier than Infinia.,0.00%,"₹1,000.00",1.00%,₹400 - ₹100000,All Stations,SmartBuy Portal,0.33%-1%,IndiGo,Air India,Vistara,SpicelJet,1.0,10% on SmartBuy (Cycles),0,2.0%,3.0%,3.3%,No Cap,High Spend Vouchers,"10,000 Reward Points","{""Air India"": ""1:1"", ""Vistara"": ""1:1"", ""Club Marriott"": ""1:1""}","{""Marriott"": ""1:1""}",Available via Reward Portal,"{""Utility"": ""Base Rate"", ""Insurance"": ""Excluded"", ""Rent"": ""Excluded"", ""Dining"": ""10x SmartBuy"", ""Travel"": ""10x SmartBuy""}"
SBI Cashback,SBI,Mid,999,999,12,5%,Cashback,1.0,1,0.0,No,0,0,3.5%,0.0,False,"shopping, cashback, online",₹2k Online / ₹2k Offline,,,3.89%,Low,2026 Devaluation: Combined ₹4k monthly cap.,0.00%,₹100.00,1.00%,₹500 - ₹3000,All Stations,Direct Online,5% (Cashback),All,,,,1.0,Limited,0,5.0%,5.0%,5.0%,"₹5,000 Cashback/Cycle",Annual Fee Waiver @ ₹2L,Fee Waiver on Spends,"{""General"": ""N/A""}","{""General"": ""N/A""}",Direct Cashback to Statement,"{""Utility"": ""Base Rate"", ""Insurance"": ""Excluded"", ""Rent"": ""Excluded"", ""Online"": ""5% Cashback"", ""Offline"": ""1% Cashback""}"
Tata Neu Infinity,HDFC,Premium,1499,1499,15,1.5%,NeuCoins,1.0,5,1.0,No,8,4,2%,0.0,False,"tata, air_india, bigbasket",Standard HDFC,₹50k/Qtr for Lounge,,2.36%,Med,Best for UPI rewards (1.5% NeuCoins).,0.00%,₹500.00,1.00%,₹400 - ₹5000,All Stations,Direct & Tata Neu Website,2%-5% (Co-branded),Air India,Air India Express,BigBasket,IndiGo (Limited),1.0,5% NeuCoins on AI/6E,0,2.0%,3.0%,1.5%,No Cap,High Spend Vouchers,Welcome points equivalent to fee,"{""General"": ""N/A""}","{""General"": ""N/A""}",Available via Reward Portal,"{""Utility"": ""Base Rate"", ""Insurance"": ""Excluded"", ""Rent"": ""Excluded""}"
Amex Plat Travel,Amex,Mid,3500,5000,6,1%,Points,0.4,1,0.5,Yes,8,0,3.5%,0.0,False,"milestones, taj, free_flight",Milestone Capped,Fixed Quota,,3.89%,Med,2026 Milestone: Rewards shifted to ₹7L target.,0.00%,No Cap*,Convenience Fee,Under ₹5000,HPCL Only,Amex Travel / Reward Multiplier,Base MR,IndiGo (via Miles),Air India,Singapore Air,,0.4,Platinum Private Deals,0,1%,1%,1%,No Cap,Fee Waiver only,"4,000 to 10,000 Bonus Points","{""Air India"": ""1:1"", ""Vistara"": ""1:1"", ""Emirates"": ""1:0.5""}","{""Marriott"": ""1:1"", ""Hilton"": ""1:1""}",Amex Gold Collection Vouchers,"{""Utility"": ""Base Rate"", ""Insurance"": ""Excluded"", ""Rent"": ""Excluded"", ""Multiplier"": ""2x - 5x via Reward Multiplier""}"
Axis Magnus,Axis,Ultra,12500,12500,36,1.2%,Points,0.2,1,0.4,No,Unlimited,Unlimited,2%,199.0,False,"luxury, rewards",Tiered Axis,Unlimited (Tiered),,2.36%,Med-High,Monthly milestone benefit removed in 2026.,0.00%,₹400.00,1.00%,₹400 - ₹4000,All Stations,Direct & Travel Edge,1%-2%,Vistara,Air India,IndiGo,Akasa,0.2,10% on Cleartrip/Yatra,0,1.2%,1.2%,1.2%,₹5L Monthly Spend,Bonus RP on High Spends,"Choice of Luxe/Vistara Voucher (₹10,000)","{""Air India"": ""5:4"", ""Vistara"": ""5:4"", ""Singapore Airlines"": ""5:2""}","{""Marriott Bonvoy"": ""5:4"", ""Accor"": ""1:1""}",Monthly Milestone Vouchers,"{""Utility"": ""Base Rate"", ""Insurance"": ""Excluded"", ""Rent"": ""Excluded"", ""Travel"": ""5x via TravelEdge"", ""Dining"": ""1.2%""}"
IDFC Vistara,IDFC,Premium,4999,4999,15,1.5%,CV_Points,1.0,1,1.0,Yes,8,4,1.99%,99.0,False,"vistara, travel",Vistara Caps,₹20k Monthly Spend,,2.35%,Med,Migrated to Maharaja Club; spend-based lounge.,0.00%,₹200.00,1.00%,₹200 - ₹5000,All Stations,Direct & Vistara Website,2%-5% (Co-branded),Vistara,Air India,,,1.0,Bank Holidays,0,2.0%,3.0%,1.5%,No Cap,High Spend Vouchers,Welcome points equivalent to fee,"{""General"": ""N/A""}","{""General"": ""N/A""}",Available via Reward Portal,"{""Utility"": ""Base Rate"", ""Insurance"": ""Excluded"", ""Rent"": ""Excluded""}"
Federal Scapia,Federal,Entry,0,0,6,4%,Coins,0.2,1,0.0,No,Unlimited,0,0%,0.0,True,"travel, zero_forex, dubai",,₹20k Monthly Spend,,0%,High,Lounge access spend raised to ₹20k in 2026.,0.00%,₹250.00,1.00%,₹400 - ₹5000,All Stations,Direct,Base,Major Carriers,,,,0.25,Bank Holidays,0,2.0%,2.0%,2.0%,No Cap,Unlimited Lounge on ₹5k spend,No Joining Fee,"{""General"": ""N/A""}","{""General"": ""N/A""}",Available via Reward Portal,"{""Utility"": ""Base Rate"", ""Insurance"": ""Excluded"", ""Rent"": ""Excluded"", ""Base"": ""4%""}"
AU Zenith+,AU,Ultra,4999,4999,30,1%,Points,0.25,2,1.0,No,16,16,0.99%,99.0,False,"premium, rewards, lounge",AU Premium Caps,Spend-based,,1.17%,Med-High,Low forex; Dining/Intl rewards cut by 50% (2026).,0.00%,"₹1,000.00",1.00%,₹400 - ₹5000,All Stations,Direct,Base,Major Carriers,,,,0.25,Bank Holidays,0,2.0%,3.0%,1%,No Cap,High Spend Vouchers,Welcome points equivalent to fee,"{""General"": ""N/A""}","{""General"": ""N/A""}",Available via Reward Portal,"{""Utility"": ""Base Rate"", ""Insurance"": ""Excluded"", ""Rent"": ""Excluded""}"
Amex Platinum,Amex,Ultra,60000,60000,40,2.5%,Points,1.0,1,1.0,No,Unlimited,Unlimited,3.5%,0.0,False,"metal, luxury, concierge",Amex High-End,Unlimited,,3.89%,Med,Metal card; concierge focus; no spend criteria.,0.00%,No Cap*,Convenience Fee,Under ₹5000,HPCL Only,Amex Travel / Reward Multiplier,Base MR,IndiGo (via Miles),Air India,Singapore Air,,0.4,Platinum Private Deals,0,2.5%,2.5%,2.5%,No Cap,Fee Waiver only,"4,000 to 10,000 Bonus Points","{""Air India"": ""1:1"", ""Vistara"": ""1:1"", ""Emirates"": ""1:0.5""}","{""Marriott"": ""1:1"", ""Hilton"": ""1:1""}",Amex Gold Collection Vouchers,"{""Utility"": ""Base Rate"", ""Insurance"": ""Excluded"", ""Rent"": ""Excluded"", ""Multiplier"": ""2x - 5x via Reward Multiplier""}"
ICICI Emeralde Pvt,ICICI,Ultra,12500,12500,50,1%,Points,1.0,1,1.0,No,Unlimited,Unlimited,1.5%,99.0,False,"private_banking, luxury",ICICI Premium Caps,Unlimited,,1.77%,High,Private banking only; very low forex markup.,0.00%,No Cap*,1.00%,No Limit*,All Stations,Direct / MakeMyTrip,1%,All major,,,,0.25,10% ICICI Tuesdays,0,2.0%,3.0%,1%,No Cap,High Spend Vouchers,Welcome points equivalent to fee,"{""General"": ""N/A""}","{""General"": ""N/A""}",Available via Reward Portal,"{""Utility"": ""Base Rate"", ""Insurance"": ""Excluded"", ""Rent"": ""Excluded""}"
SBI Aurum,SBI,Ultra,5000,5000,42,1%,Points,0.25,1,1.0,No,Unlimited,Unlimited,1.99%,99.0,False,"exclusive, luxury, lounge",SBI Premium Caps,Unlimited,,2.35%,Med,Invite-only; high-end lifestyle rewards.,0.00%,₹250.00,1.00%,₹500 - ₹5000,All Stations,Direct & SBI Card Portal,0.25%-1.25%,Air India,Vistara,IndiGo,,0.25,10% SBI Sales,0,2.0%,3.0%,1%,No Cap,High Spend Vouchers,Welcome points equivalent to fee,"{""General"": ""N/A""}","{""General"": ""N/A""}",Available via Reward Portal,"{""Utility"": ""Base Rate"", ""Insurance"": ""Excluded"", ""Rent"": ""Excluded""}"
SCB Ultimate,Standard Chartered,Premium,5000,5000,36,3.3%,Points,1.0,1,1.0,No,16,4,2%,99.0,False,"travel, high_rewards",SCB Caps,4/Qtr Dom,,2.36%,Med,Flat 3.3% reward rate; 1:1 mile transfer.,0.00%,"₹1,000.00",1.00%,₹400 - ₹5000,All Stations,Direct,Base,Major Carriers,,,,0.25,Bank Holidays,0,2.0%,3.0%,3.3%,No Cap,High Spend Vouchers,Welcome points equivalent to fee,"{""General"": ""N/A""}","{""General"": ""N/A""}",Available via Reward Portal,"{""Utility"": ""Base Rate"", ""Insurance"": ""Excluded"", ""Rent"": ""Excluded""}"
Axis Horizon,Axis,Premium,3000,3000,18,2%,Miles,1.0,1,1.0,No,32,8,2%,199.0,False,"travel, miles, dubai",Axis Tiered,Spend-based,,2.36%,Med,Best for domestic lounge volume (32/yr).,0.00%,₹400.00,1.00%,₹400 - ₹4000,All Stations,Direct & Travel Edge,1%-2%,Vistara,Air India,IndiGo,Akasa,0.2,10% on Cleartrip/Yatra,0,2.0%,3.0%,2%,No Cap,High Spend Vouchers,Welcome points equivalent to fee,"{""General"": ""N/A""}","{""General"": ""N/A""}",Available via Reward Portal,"{""Utility"": ""Base Rate"", ""Insurance"": ""Excluded"", ""Rent"": ""Excluded""}"
HDFC Regalia Gold,HDFC,Premium,2500,2500,15,1.3%,Points,0.5,5,0.5,No,12,6,2%,99.0,False,"travel, lifestyle, air_india",HDFC Caps,₹1L/Qtr for Lounge,,2.36%,Med,Travel multipliers; uses voucher system for lounge.,0.00%,₹500.00,1.00%,₹400 - ₹5000,All Stations,SmartBuy Portal,0.33%-1%,IndiGo,Air India,Vistara,SpicelJet,1.0,10% on SmartBuy (Cycles),0,5.0%,5.0%,5.0%,"4,000 RP (Accelerated)",₹1.5k Vouchers @ ₹1.5L/₹5L,Welcome points equivalent to fee,"{""General"": ""N/A""}","{""General"": ""N/A""}",Available via Reward Portal,"{""Utility"": ""Base Rate"", ""Insurance"": ""Excluded"", ""Rent"": ""Excluded""}"
Marriott HDFC,HDFC,Premium,3000,3000,15,1.3%,Points,1.0,1,0.0,No,12,12,2%,99.0,False,"hotel, marriott, bonvoy",HDFC Caps (₹10L/mth Marriott),₹1L/Qtr for Lounge,,2.36%,Low-Med,"Free night (15k pts) on join/renewal; 8x Marriott stays.""[web:27][web:36]",0.00%,₹250.00,1.00%,₹400 - ₹5000,All Stations,SmartBuy Portal,0.33%-1%,IndiGo,Air India,Vistara,SpicelJet,1.0,10% on SmartBuy (Cycles),0,2.0%,3.0%,1.3%,No Cap,High Spend Vouchers,Welcome points equivalent to fee,"{""General"": ""N/A""}","{""General"": ""N/A""}",Available via Reward Portal,"{""Utility"": ""Base Rate"", ""Insurance"": ""Excluded"", ""Rent"": ""Excluded""}"
YES Marquee,YES,Ultra,9999,9999,50,1.25%,Points,0.25,1,1.0,No,Unlimited,Unlimited,1.75%,99.0,False,"premium, travel",YES Premium Caps,Unlimited (Guest Inc),,2.07%,Med,Unlimited guest lounge access.,0.00%,"₹1,000.00",1.00%,₹400 - ₹5000,All Stations,Direct,Base,Major Carriers,,,,0.25,Bank Holidays,0,2.0%,3.0%,1.25%,No Cap,High Spend Vouchers,Welcome points equivalent to fee,"{""General"": ""N/A""}","{""General"": ""N/A""}",Available via Reward Portal,"{""Utility"": ""Base Rate"", ""Insurance"": ""Excluded"", ""Rent"": ""Excluded""}"
IndusInd Avios,IndusInd,Ultra,40000,10000,50,2%,Avios,1.0,1,1.0,No,8,8,1.5%,0.0,False,"travel, british_airways",IndusInd Caps,Spend-based,,1.77%,High,40k Avios welcome (2026 limited); BA focus.,0.00%,₹600.00,1.00%,₹400 - ₹4000,All Stations,Direct & Avios Website,2%-5% (Co-branded),British Airways,Qatar Airways,Finnair,,1.0,Bank Holidays,0,2.0%,3.0%,2%,No Cap,High Spend Vouchers,Welcome points equivalent to fee,"{""General"": ""N/A""}","{""General"": ""N/A""}",Available via Reward Portal,"{""Utility"": ""Base Rate"", ""Insurance"": ""Excluded"", ""Rent"": ""Excluded""}"
SBI Miles Elite,SBI,Premium,4999,4999,18,1.5%,Miles,1.0,1,1.0,No,8,6,1.99%,99.0,False,"travel, miles, sbi",SBI Caps,Spend-based,,2.35%,Med,1:1 transfers to partners.,0.00%,₹500.00,1.00%,₹500 - ₹5000,All Stations,Direct & SBI Card Portal,0.25%-1.25%,Air India,Vistara,IndiGo,,0.25,10% SBI Sales,0,2.0%,3.0%,1.5%,No Cap,High Spend Vouchers,Welcome points equivalent to fee,"{""General"": ""N/A""}","{""General"": ""N/A""}",Available via Reward Portal,"{""Utility"": ""Base Rate"", ""Insurance"": ""Excluded"", ""Rent"": ""Excluded""}"
Amazon Pay ICICI,ICICI,Entry,0,0,3,1%,Cashback,1.0,1,0.0,No,0,0,3.5%,0.0,True,"amazon, shopping, online",,,,3.89%,Low,1.99% DCC fee (2026); Amazon optimized.,0.00%,₹200.00,1.00%,₹400 - ₹4000,All Stations,Amazon Pay / Direct,1% (Rewards),All,,,,1.0,Amazon Flight Offers,0,1.0%,2.0%,2.0%,No Cap,Prime Membership Benefits,No Joining Fee,"{""General"": ""N/A""}","{""General"": ""N/A""}",Available via Reward Portal,"{""Utility"": ""Base Rate"", ""Insurance"": ""Excluded"", ""Rent"": ""Excluded"", ""Base"": ""1%""}"
Flipkart Axis,Axis,Entry,500,500,3,1.5%,Cashback,1.0,1,0.0,No,4,0,3.5%,0.0,False,"flipkart, shopping",Axis Entry Caps,4/Qtr (Dom),,3.89%,Low,1.5% unlimited non-partner.,0.00%,₹400.00,1.00%,₹400 - ₹4000,All Stations,Direct & Travel Edge,1%-2%,Vistara,Air India,IndiGo,Akasa,0.2,10% on Cleartrip/Yatra,0,1.5%,1.5%,1.5%,No Cap,Fee Waiver only,No Joining Fee,"{""General"": ""N/A""}","{""General"": ""N/A""}",Available via Reward Portal,"{""Utility"": ""Base Rate"", ""Insurance"": ""Excluded"", ""Rent"": ""Excluded"", ""Base"": ""1.5%""}"
Airtel Axis,Axis,Entry,500,500,3.6,1%,Cashback,1.0,1,0.0,No,4,0,3.5%,0.0,False,"utility, airtel, bills",Capped (₹300/mo),4/Qtr (Dom),,3.89%,Low,25% Airtel; 10% BB/Zomato.,0.00%,₹500.00,1.00%,₹400 - ₹4000,All Stations,Airtel Thanks / Direct,1%,All,,,,1.0,10% Swiggy/Zomato (Indirect),0,1%,1%,1%,No Cap,Fee Waiver only,No Joining Fee,"{""General"": ""N/A""}","{""General"": ""N/A""}",Available via Reward Portal,"{""Utility"": ""Base Rate"", ""Insurance"": ""Excluded"", ""Rent"": ""Excluded"", ""Base"": ""1%""}"
HSBC Live+,HSBC,Mid,999,999,12,1.5%,Cashback,1.0,1,0.0,No,4,0,3.5%,0.0,False,"dining, grocery",Capped (₹1k/mo),4/Qtr (Dom),,3.89%,Low,10% dining/grocery/food delivery.,0.00%,₹250.00,1.00%,₹400 - ₹4000,All Stations,Direct,Base,Major Carriers,,,,0.25,Bank Holidays,0,1.5%,2.0%,1.5%,No Cap,Annual Fee Waiver,Welcome points equivalent to fee,"{""General"": ""N/A""}","{""General"": ""N/A""}",Available via Reward Portal,"{""Utility"": ""Base Rate"", ""Insurance"": ""Excluded"", ""Rent"": ""Excluded""}"
Swiggy HDFC,HDFC,Entry,500,500,3,1%,Cashback,1.0,1,0.0,No,0,0,3.5%,0.0,False,"swiggy, food, dining",Capped (₹1.5k/mo),,,3.89%,Low,10% Swiggy; 5% top online.,0.00%,₹250.00,1.00%,₹400 - ₹5000,All Stations,SmartBuy Portal,0.33%-1%,IndiGo,Air India,Vistara,SpicelJet,1.0,10% on SmartBuy (Cycles),0,1%,1%,1%,No Cap,Fee Waiver only,No Joining Fee,"{""General"": ""N/A""}","{""General"": ""N/A""}",Available via Reward Portal,"{""Utility"": ""Base Rate"", ""Insurance"": ""Excluded"", ""Rent"": ""Excluded"", ""Base"": ""1%""}"
Axis Ace,Axis,Entry,499,499,5,2%,Cashback,1.0,1,0.0,No,4,0,3.5%,0.0,False,"utility, bills, gpay",,4/Qtr (Dom),,3.89%,Low,5% GPay utils; 2% base.,0.00%,₹500.00,1.00%,₹400 - ₹4000,All Stations,Direct & Travel Edge,1%-2%,Vistara,Air India,IndiGo,Akasa,0.2,10% on Cleartrip/Yatra,0,2%,2%,2%,No Cap,Fee Waiver only,No Joining Fee,"{""General"": ""N/A""}","{""General"": ""N/A""}",Available via Reward Portal,"{""Utility"": ""Base Rate"", ""Insurance"": ""Excluded"", ""Rent"": ""Excluded"", ""Base"": ""2%""}"
BPCL SBI Octane,SBI,Mid,2499,2499,12,6.25%,Points,0.25,1,0.0,No,4,0,3.5%,99.0,False,"fuel, bpcl, savings",SBI Fuel Caps,4/Qtr (Dom),,3.89%,Low,7.25% on BPCL fuel.,6.25%,₹100.00,1.00%,Under ₹4000,BPCL Only,Direct & SBI Card Portal,0.25%-1.25%,Air India,Vistara,IndiGo,,0.25,10% SBI Sales,0,10.0%,10.0%,10.0%,"7,500 RP (Monthly)",₹2k Voucher @ ₹3L Spend,"6,000 Bonus Reward Points","{""Air India"": ""10:1"", ""Vistara"": ""10:1""}","{""General"": ""N/A""}","Aditya Birla, Pantaloons, Bata","{""Utility"": ""Base Rate"", ""Insurance"": ""Excluded"", ""Rent"": ""Excluded"", ""Fuel"": ""25 pts / \u20b9100"", ""Grocery"": ""10 pts / \u20b9100""}"
ixigo AU,AU,Mid,0,0,6,0.5%,Points,0.25,1,0.0,No,16,1,0%,99.0,True,"travel, zero_forex, trains",AU Zero Forex Caps,Spend-based,,0%,High,Zero forex; 16 railway lounges.,0.00%,₹250.00,1.00%,₹400 - ₹5000,All Stations,Direct & ixigo Website,2%-5% (Co-branded),Trains,Buses,IndiGo,Air India,1.0,Bank Holidays,0,0.5%,2.0%,0.5%,No Cap,Annual Fee Waiver,No Joining Fee,"{""General"": ""N/A""}","{""General"": ""N/A""}",Available via Reward Portal,"{""Utility"": ""Base Rate"", ""Insurance"": ""Excluded"", ""Rent"": ""Excluded"", ""Base"": ""0.5%""}"
IndusInd Legend,IndusInd,Mid,0,0,18,0.75%,Points,0.75,1,0.5,No,4,0,1.8%,99.0,True,"ltf, golf, movies",IndusInd Caps,4/Qtr (Dom),,2.12%,Low,LTF; golf/movies BOGO.,0.00%,No Cap*,1.00%,₹400 - ₹4000,All Stations,Direct,Base,Major Carriers,,,,0.25,Bank Holidays,0,0.75%,2.0%,0.75%,No Cap,Annual Fee Waiver,No Joining Fee,"{""General"": ""N/A""}","{""General"": ""N/A""}",Available via Reward Portal,"{""Utility"": ""Base Rate"", ""Insurance"": ""Excluded"", ""Rent"": ""Excluded"", ""Base"": ""0.75%""}"
IDFC Wealth,IDFC,Premium,0,0,18,1%,Points,0.25,1,0.5,No,8,8,1.5%,99.0,True,"premium, ltf, lounge",IDFC Caps,₹20k Monthly Spend,,1.77%,Med,Lounge ₹20k/mo (2026 update).,0.00%,₹300.00,1.00%,₹200 - ₹5000,All Stations,Direct,Base,Major Carriers,,,,0.25,Bank Holidays,0,2.0%,3.0%,1%,No Cap,High Spend Vouchers,No Joining Fee,"{""General"": ""N/A""}","{""General"": ""N/A""}",Available via Reward Portal,"{""Utility"": ""Base Rate"", ""Insurance"": ""Excluded"", ""Rent"": ""Excluded"", ""Base"": ""1%""}"
ICICI Sapphiro,ICICI,Premium,6500,3500,9.6,0.5%,Points,0.25,1,0.5,No,16,8,3.5%,99.0,False,"movie, bogo, luxury",ICICI Caps,Spend-based,,3.89%,Med,Movie BOGO ₹500 2x/mo.,0.00%,No Cap*,1.00%,No Limit*,All Stations,Direct / MakeMyTrip,1%,All major,,,,0.25,10% ICICI Tuesdays,0,2.0%,3.0%,0.5%,No Cap,High Spend Vouchers,Welcome points equivalent to fee,"{""General"": ""N/A""}","{""General"": ""N/A""}",Available via Reward Portal,"{""Utility"": ""Base Rate"", ""Insurance"": ""Excluded"", ""Rent"": ""Excluded""}"
HDFC Millennia,HDFC,Mid,1000,1000,4.2,5%,Cashback,1.0,1,0.0,No,8,0,3.5%,99.0,False,"online, smartbuy",Capped (₹1k/mo),₹1L/Qtr Voucher,,3.89%,Low,Voucher lounge (no swipe).,0.00%,₹250.00,1.00%,₹400 - ₹5000,All Stations,SmartBuy Portal,0.33%-1%,IndiGo,Air India,Vistara,SpicelJet,1.0,10% on SmartBuy (Cycles),0,5%,2.0%,5%,No Cap,Annual Fee Waiver,Welcome points equivalent to fee,"{""General"": ""N/A""}","{""General"": ""N/A""}",Available via Reward Portal,"{""Utility"": ""Base Rate"", ""Insurance"": ""Excluded"", ""Rent"": ""Excluded""}"
RBL World Safari,RBL,Mid,3000,3000,12,1%,Points,0.25,1,0.0,No,8,8,0%,99.0,False,"travel, zero_forex",RBL Caps,Spend-based,,0%,High,True 0% forex (no intl rewards).,0.00%,₹250.00,1.00%,₹500 - ₹4000,All Stations,Direct,Base,Major Carriers,,,,0.25,Bank Holidays,0,1%,2.0%,1%,No Cap,Annual Fee Waiver,Welcome points equivalent to fee,"{""General"": ""N/A""}","{""General"": ""N/A""}",Available via Reward Portal,"{""Utility"": ""Base Rate"", ""Insurance"": ""Excluded"", ""Rent"": ""Excluded""}"
OneCard Metal,SBM,Entry,0,0,6,1%,Points,0.1,1,0.0,No,4,0,1%,0.0,True,"app_based, youth",,4/Qtr (Dom),,1.18%,Low,1% forex; metal app card.,0.00%,₹400.00,1.00%,₹400 - ₹4000,All Stations,Direct,Base,Major Carriers,,,,0.25,Bank Holidays,0,1%,1%,1%,No Cap,Fee Waiver only,No Joining Fee,"{""General"": ""N/A""}","{""General"": ""N/A""}",Available via Reward Portal,"{""Utility"": ""Base Rate"", ""Insurance"": ""Excluded"", ""Rent"": ""Excluded"", ""Base"": ""1%""}"
HSBC Cashback,HSBC,Mid,750,750,8,1.5%,Cashback,1.0,1,0.0,No,0,0,3.5%,0.0,False,"dining, cashback",Capped (₹400/mo),,,3.89%,Low,1.5% flat; 10% dining/grocery cap.,0.00%,₹250.00,1.00%,₹400 - ₹4000,All Stations,Direct,Base,Major Carriers,,,,0.25,Bank Holidays,0,1.5%,2.0%,1.5%,No Cap,Annual Fee Waiver,Welcome points equivalent to fee,"{""General"": ""N/A""}","{""General"": ""N/A""}",Available via Reward Portal,"{""Utility"": ""Base Rate"", ""Insurance"": ""Excluded"", ""Rent"": ""Excluded""}"
Kotak White Res.,Kotak,Ultra,12500,12500,36,1.25%,Points,1.0,1,1.0,No,Unlimited,Unlimited,2%,0.0,False,"luxury, lifestyle",Kotak Caps,Unlimited,,2.36%,Med,White Pass vouchers.,0.00%,₹3500 (Yearly),1.00%,₹400 - ₹4000,All Stations,Direct,Base,Major Carriers,,,,0.25,Bank Holidays,0,2.0%,3.0%,1.25%,No Cap,High Spend Vouchers,Welcome points equivalent to fee,"{""General"": ""N/A""}","{""General"": ""N/A""}",Available via Reward Portal,"{""Utility"": ""Base Rate"", ""Insurance"": ""Excluded"", ""Rent"": ""Excluded""}"
SBI SimplyCLICK,SBI,Entry,499,499,6,1.25%,Points,0.25,1,0.0,No,0,0,3.5%,99.0,False,"online, shopping",SBI Entry Caps,,,3.89%,Low,10x partner online.,0.00%,₹100.00,1.00%,₹500 - ₹3000,All Stations,Direct & SBI Card Portal,0.25%-1.25%,Air India,Vistara,IndiGo,,0.25,10% SBI Sales,0,1.25%,1.25%,1.25%,No Cap,Fee Waiver only,No Joining Fee,"{""General"": ""N/A""}","{""General"": ""N/A""}",Available via Reward Portal,"{""Utility"": ""Base Rate"", ""Insurance"": ""Excluded"", ""Rent"": ""Excluded"", ""Base"": ""1.25%""}"
IndusInd Pinnacle,IndusInd,Premium,0,0,24,1.5%,Points,0.5,2,0.5,No,12,4,1.99%,99.0,True,"premium, ltf, travel",IndusInd Caps,Spend-based,,2.35%,Med,"LTF premium; 2x travel.""[web:36]",0.00%,₹500.00,1.00%,₹500 - ₹3000,All Stations,Direct,Base,Major Carriers,,,,0.25,Bank Holidays,0,2.0%,3.0%,1.5%,No Cap,High Spend Vouchers,No Joining Fee,"{""General"": ""N/A""}","{""General"": ""N/A""}",Available via Reward Portal,"{""Utility"": ""Base Rate"", ""Insurance"": ""Excluded"", ""Rent"": ""Excluded"", ""Base"": ""1.5%""}"
Axis Select,Axis,Premium,3000,3000,12-18,1%,Points,0.2,1,0.2,No,8,12,3.5%,,False,"bigbasket, lifestyle",Varies,Spend-based,"Rent, wallet, govt, fuel, insurance",,3.89%,Low-Med,0.00%,₹500.00,1.00%,₹400 - ₹4000,All Stations,Direct & Travel Edge,1%-2%,Vistara,Air India,IndiGo,Akasa,0.2,10% on Cleartrip/Yatra,0,2.0%,3.0%,1%,No Cap,High Spend Vouchers,Welcome points equivalent to fee,"{""General"": ""N/A""}","{""General"": ""N/A""}",Available via Reward Portal,"{""Utility"": ""Base Rate"", ""Insurance"": ""Excluded"", ""Rent"": ""Excluded""}"
BOB Eterna,BOB,Premium,2499,2499,12-18,0.75%,Points,0.25,1,0.0,No,Unlimited,0,2%,,False,"dining, unlimited",,Unlimited dom,"Rent, wallet, govt, fuel, insurance",,2.36%,Low-Med,0.00%,₹250.00,1.00%,₹400 - ₹5000,All Stations,Direct,Base,Major Carriers,,,,0.25,Bank Holidays,0,2.0%,3.0%,0.75%,No Cap,High Spend Vouchers,Welcome points equivalent to fee,"{""General"": ""N/A""}","{""General"": ""N/A""}",Available via Reward Portal,"{""Utility"": ""Base Rate"", ""Insurance"": ""Excluded"", ""Rent"": ""Excluded""}"
Canara World,Canara,Mid,500,500,5-10,0.5%,Points,0.25,1,0.0,No,4,0,3.5%,,False,"budget, lounge",,4 dom quarterly,"Rent, wallet, govt, fuel, insurance",,3.89%,Low,0.00%,₹250.00,1.00%,₹400 - ₹4000,All Stations,Direct,Base,Major Carriers,,,,0.25,Bank Holidays,0,0.5%,2.0%,0.5%,No Cap,Annual Fee Waiver,Welcome points equivalent to fee,"{""General"": ""N/A""}","{""General"": ""N/A""}",Available via Reward Portal,"{""Utility"": ""Base Rate"", ""Insurance"": ""Excluded"", ""Rent"": ""Excluded""}"
PNB RuPay Select,PNB,Mid,0,0,3.6,0.5%,Points,0.25,1,0.0,No,8,0,3.5%,,True,"upi, lounge",,8 dom quarterly,"Rent, wallet, govt, fuel",,3.89%,Low,0.00%,₹250.00,1.00%,₹500 - ₹4000,All Stations,Direct,Base,Major Carriers,,,,0.25,Bank Holidays,0,0.5%,2.0%,0.5%,No Cap,Annual Fee Waiver,No Joining Fee,"{""General"": ""N/A""}","{""General"": ""N/A""}",Available via Reward Portal,"{""Utility"": ""Base Rate"", ""Insurance"": ""Excluded"", ""Rent"": ""Excluded"", ""Base"": ""0.5%""}"
IndusInd Pioneer,IndusInd,Ultra,0,0,36-50,1%,Points,1.0,1,1.0,No,Unlimited,Unlimited,1.5%,,True,"private, lounge",Varies,Unlimited,"Rent, wallet, govt, fuel, insurance",,1.77%,Med-High,0.00%,No Cap*,1.00%,₹500 - ₹10000,All Stations,Direct,Base,Major Carriers,,,,0.25,Bank Holidays,0,2.0%,3.0%,1%,No Cap,High Spend Vouchers,No Joining Fee,"{""General"": ""N/A""}","{""General"": ""N/A""}",Available via Reward Portal,"{""Utility"": ""Base Rate"", ""Insurance"": ""Excluded"", ""Rent"": ""Excluded"", ""Base"": ""1%""}"
Amex Gold,Amex,Mid,1000,4500,6-12,1%,Points,0.4,1,0.5,No,0,0,3.5%,,False,"rewards, dining",Varies,,"Rent, wallet, govt, fuel, insurance",,3.89%,Low,0.00%,No Cap*,Convenience Fee,Under ₹5000,HPCL Only,Amex Travel / Reward Multiplier,Base MR,IndiGo (via Miles),Air India,Singapore Air,,0.4,Platinum Private Deals,0,5x Points,5x Points,1x,No Cap,1k Bonus Points on 6 Swipes,"4,000 to 10,000 Bonus Points","{""Air India"": ""1:1"", ""Vistara"": ""1:1"", ""Emirates"": ""1:0.5""}","{""Marriott"": ""1:1"", ""Hilton"": ""1:1""}",Amex Gold Collection Vouchers,"{""Utility"": ""Base Rate"", ""Insurance"": ""Excluded"", ""Rent"": ""Excluded"", ""Multiplier"": ""2x - 5x via Reward Multiplier""}"
Amex MRCC,Amex,Mid,1000,4500,6-12,0.5%,Points,0.4,1,0.5,No,0,0,3.5%,,False,"milestones, rewards",Varies,,"Rent, wallet, govt, fuel, insurance",,3.89%,Low,0.00%,No Cap*,Convenience Fee,Under ₹5000,HPCL Only,Amex Travel / Reward Multiplier,Base MR,IndiGo (via Miles),Air India,Singapore Air,,0.4,Platinum Private Deals,0,0.5%,0.5%,0.5%,No Cap,Fee Waiver only,"4,000 to 10,000 Bonus Points","{""Air India"": ""1:1"", ""Vistara"": ""1:1"", ""Emirates"": ""1:0.5""}","{""Marriott"": ""1:1"", ""Hilton"": ""1:1""}",Amex Gold Collection Vouchers,"{""Utility"": ""Base Rate"", ""Insurance"": ""Excluded"", ""Rent"": ""Excluded"", ""Multiplier"": ""2x - 5x via Reward Multiplier""}"
AU Zenith,AU,Premium,7999,7999,25-40,1%,Points,0.25,1,1.0,No,16,16,1.99%,,False,"premium, luxury",Varies,Spend-based,"Rent, wallet, govt, fuel, insurance",,2.35%,Med,0.00%,"₹1,000.00",1.00%,No Limit*,All Stations,,,,,,,,0,0,2.0%,3.0%,1%,No Cap,High Spend Vouchers,Welcome points equivalent to fee,"{""General"": ""N/A""}","{""General"": ""N/A""}",Available via Reward Portal,"{""Utility"": ""Base Rate"", ""Insurance"": ""Excluded"", ""Rent"": ""Excluded""}"
ICICI Rubyx,ICICI,Mid,3000,2000,6-12,0.5%,Points,0.25,1,0.2,No,8,0,3.5%,,False,"dual_card, shopping",Varies,Spend-based,"Rent, wallet, govt, fuel, insurance",,3.89%,Low,0.00%,₹200.00,1.00%,₹400 - ₹4000,All Stations,Direct / MakeMyTrip,1%,All major,,,,0.25,10% ICICI Tuesdays,0,0.5%,2.0%,0.5%,No Cap,Annual Fee Waiver,Welcome points equivalent to fee,"{""General"": ""N/A""}","{""General"": ""N/A""}",Available via Reward Portal,"{""Utility"": ""Base Rate"", ""Insurance"": ""Excluded"", ""Rent"": ""Excluded""}"
ICICI Coral,ICICI,Entry,500,500,3-6,0.5%,Points,0.25,1,0.0,No,4,0,3.5%,,False,"entry, movie",,4 dom quarterly,"Rent, wallet, govt, fuel",,3.89%,Low,0.00%,₹200.00,1.00%,₹400 - ₹4000,All Stations,Direct / MakeMyTrip,1%,All major,,,,0.25,10% ICICI Tuesdays,0,0.5%,0.5%,0.5%,No Cap,Fee Waiver only,No Joining Fee,"{""General"": ""N/A""}","{""General"": ""N/A""}",Available via Reward Portal,"{""Utility"": ""Base Rate"", ""Insurance"": ""Excluded"", ""Rent"": ""Excluded"", ""Base"": ""0.5%""}"
HDFC MoneyBack+,HDFC,Entry,500,500,3-6,0.5%,Points,0.25,1,0.0,No,0,0,3.5%,,False,"entry, grocery",,,"Rent, wallet, govt, fuel",,3.89%,Low,0.00%,₹250.00,1.00%,₹400 - ₹5000,All Stations,SmartBuy Portal,0.33%-1%,IndiGo,Air India,Vistara,SpicelJet,1.0,10% on SmartBuy (Cycles),0,0.5%,0.5%,0.5%,No Cap,Fee Waiver only,No Joining Fee,"{""General"": ""N/A""}","{""General"": ""N/A""}",Available via Reward Portal,"{""Utility"": ""Base Rate"", ""Insurance"": ""Excluded"", ""Rent"": ""Excluded"", ""Base"": ""0.5%""}"
IndusInd Platinum,IndusInd,Entry,0,0,3-6,0.5%,Points,0.25,1,0.2,No,0,0,3.5%,,True,"ltf, budget",,,"Rent, wallet, govt, fuel",,3.89%,Low,0.00%,₹100.00,1.00%,₹500 - ₹3000,All Stations,Direct,Base,Major Carriers,,,,0.25,Bank Holidays,0,0.5%,0.5%,0.5%,No Cap,Fee Waiver only,No Joining Fee,"{""General"": ""N/A""}","{""General"": ""N/A""}",Available via Reward Portal,"{""Utility"": ""Base Rate"", ""Insurance"": ""Excluded"", ""Rent"": ""Excluded"", ""Base"": ""0.5%""}"
Kotak League,Kotak,Entry,0,499,3-6,0.5%,Points,0.25,1,0.0,No,0,0,3.5%,,False,"shopping, movie",,,"Rent, wallet, govt, fuel",,3.89%,Low,0.00%,₹3500 (Yearly),1.00%,₹500 - ₹4000,All Stations,Direct,Base,Major Carriers,,,,0.25,Bank Holidays,0,0.5%,0.5%,0.5%,No Cap,Fee Waiver only,No Joining Fee,"{""General"": ""N/A""}","{""General"": ""N/A""}",Available via Reward Portal,"{""Utility"": ""Base Rate"", ""Insurance"": ""Excluded"", ""Rent"": ""Excluded"", ""Base"": ""0.5%""}"
RBL Popcorn,RBL,Entry,1000,1000,3-6,1%,Points,0.25,1,0.0,No,0,0,3.5%,,False,"movie, fun",,,"Rent, wallet, govt, fuel",,3.89%,Low,0.00%,₹100.00,1.00%,₹500 - ₹4000,All Stations,Direct,Base,Major Carriers,,,,0.25,Bank Holidays,0,1%,1%,1%,No Cap,Fee Waiver only,No Joining Fee,"{""General"": ""N/A""}","{""General"": ""N/A""}",Available via Reward Portal,"{""Utility"": ""Base Rate"", ""Insurance"": ""Excluded"", ""Rent"": ""Excluded"", ""Base"": ""1%""}"
YES First Exclusive,YES,Premium,10000,10000,15-30,1.5%,Points,0.25,1,1.0,No,Unlimited,Unlimited,1.75%,,False,"luxury, travel",Varies,Unlimited,"Rent, wallet, govt, fuel, insurance",,2.07%,Med,0.00%,₹250.00,1.00%,Min ₹500,All Stations,Direct,Base,Major Carriers,,,,0.25,Bank Holidays,0,2.0%,3.0%,1.5%,No Cap,High Spend Vouchers,Welcome points equivalent to fee,"{""General"": ""N/A""}","{""General"": ""N/A""}",Available via Reward Portal,"{""Utility"": ""Base Rate"", ""Insurance"": ""Excluded"", ""Rent"": ""Excluded""}"
IndusInd EazyDiner,IndusInd,Mid,1999,1999,6-12,2%,Points,1.0,1,1.0,No,2,0,3.5%,,False,"dining, discount",,2 dom quarterly,"Rent, wallet, govt, fuel, insurance",,3.89%,Low,0.00%,₹250.00,1.00%,₹500 - ₹3000,All Stations,Direct,Base,Major Carriers,,,,0.25,Bank Holidays,0,2%,2.0%,2%,No Cap,Annual Fee Waiver,Welcome points equivalent to fee,"{""General"": ""N/A""}","{""General"": ""N/A""}",Available via Reward Portal,"{""Utility"": ""Base Rate"", ""Insurance"": ""Excluded"", ""Rent"": ""Excluded""}"
Axis Vistara Signature,Axis,Premium,3000,3000,12-18,1%,CV_Points,1.0,1,1.0,Yes,8,0,3.5%,,False,"vistara, air_india",Varies,8 dom quarterly,"Rent, wallet, govt, fuel, insurance",,3.89%,Med,0.00%,₹400.00,1.00%,₹400 - ₹4000,All Stations,Direct & Vistara Website,2%-5% (Co-branded),Vistara,Air India,,,1.0,10% on Cleartrip/Yatra,0,2.0%,3.0%,1%,No Cap,High Spend Vouchers,Welcome points equivalent to fee,"{""General"": ""N/A""}","{""General"": ""N/A""}",Available via Reward Portal,"{""Utility"": ""Base Rate"", ""Insurance"": ""Excluded"", ""Rent"": ""Excluded""}"
SBI Vistara Prime,SBI,Premium,2999,2999,12-18,2%,CV_Points,1.0,1,1.0,Yes,8,0,3.5%,,False,"vistara, air_india",Varies,8 dom quarterly,"Rent, wallet, govt, fuel, insurance",,3.89%,Med,0.00%,₹250.00,1.00%,All Transactions,All Stations,Direct & Vistara Website,2%-5% (Co-branded),Vistara,Air India,,,1.0,10% SBI Sales,0,2.0%,3.0%,2%,No Cap,High Spend Vouchers,Welcome points equivalent to fee,"{""General"": ""N/A""}","{""General"": ""N/A""}",Available via Reward Portal,"{""Utility"": ""Base Rate"", ""Insurance"": ""Excluded"", ""Rent"": ""Excluded""}"
HDFC Tata Neu Plus,HDFC,Entry,499,499,3-6,1%,NeuCoins,1.0,2,1.0,No,4,0,3.5%,,False,"tata, upi, budget",,4 dom quarterly,"Rent, wallet, govt, fuel",,3.89%,Low,0.00%,₹250.00,1.00%,₹400 - ₹5000,All Stations,Direct & Tata Neu Website,2%-5% (Co-branded),Air India,Air India Express,BigBasket,IndiGo (Limited),1.0,10% on SmartBuy (Cycles),0,1%,1%,1%,No Cap,Fee Waiver only,No Joining Fee,"{""General"": ""N/A""}","{""General"": ""N/A""}",Available via Reward Portal,"{""Utility"": ""Base Rate"", ""Insurance"": ""Excluded"", ""Rent"": ""Excluded"", ""Base"": ""1%""}"
Federal Imperio,Federal,Mid,1500,1500,6-12,1%,Points,0.25,1,0.0,No,4,0,2%,,False,"lifestyle, movie",,4 dom quarterly,"Rent, wallet, govt, fuel",,2.36%,Low,0.00%,₹1500 (Quarterly),1.00%,₹400 - ₹5000,All Stations,Direct,Base,Major Carriers,,,,0.25,Bank Holidays,0,1%,2.0%,1%,No Cap,Annual Fee Waiver,Welcome points equivalent to fee,"{""General"": ""N/A""}","{""General"": ""N/A""}",Available via Reward Portal,"{""Utility"": ""Base Rate"", ""Insurance"": ""Excluded"", ""Rent"": ""Excluded""}"
AU Altura+,AU,Mid,499,499,3.6,1%,Points,0.25,1,0.0,No,8,0,3.5%,,False,"cashback, grocery",,8 dom quarterly,"Rent, wallet, govt, fuel",,3.89%,Low,0.00%,₹150.00,1.00%,₹400 - ₹5000,All Stations,Direct,Base,Major Carriers,,,,0.25,Bank Holidays,0,1%,2.0%,1%,No Cap,Annual Fee Waiver,Welcome points equivalent to fee,"{""General"": ""N/A""}","{""General"": ""N/A""}",Available via Reward Portal,"{""Utility"": ""Base Rate"", ""Insurance"": ""Excluded"", ""Rent"": ""Excluded""}"
IDFC FIRST Millennia,IDFC,Entry,0,0,3-6,0.75%,Points,0.25,1,0.5,No,0,0,3.5%,,True,"ltf, upi, youth",,,"Rent, wallet, govt, fuel",,3.89%,Low,0.00%,₹200.00,1.00%,₹200 - ₹5000,All Stations,Direct,Base,Major Carriers,,,,0.25,Bank Holidays,0,0.75%,0.75%,0.75%,No Cap,Fee Waiver only,No Joining Fee,"{""General"": ""N/A""}","{""General"": ""N/A""}",Available via Reward Portal,"{""Utility"": ""Base Rate"", ""Insurance"": ""Excluded"", ""Rent"": ""Excluded"", ""Base"": ""0.75%""}"
BOB Varun,BOB,Entry,0,0,3-6,0.5%,Points,0.25,1,0.0,No,0,0,3.5%,,True,"navy, banking",,,"Rent, wallet, govt, fuel",,3.89%,Low,0.00%,₹250.00,1.00%,₹400 - ₹5000,All Stations,Direct,Base,Major Carriers,,,,0.25,Bank Holidays,0,0.5%,0.5%,0.5%,No Cap,Fee Waiver only,No Joining Fee,"{""General"": ""N/A""}","{""General"": ""N/A""}",Available via Reward Portal,"{""Utility"": ""Base Rate"", ""Insurance"": ""Excluded"", ""Rent"": ""Excluded"", ""Base"": ""0.5%""}"
Standard Ch. Smart,SCB,Entry,499,499,4.2,2%,Cashback,1.0,1,0.0,No,0,0,3.4%,,False,"online, digital",,,"Rent, wallet, govt, fuel",,4.01%,Low,0.00%,₹500*,1.00%,Min ₹400,All Stations,Direct,Base,Major Carriers,,,,0.25,Bank Holidays,0,2%,2%,2%,No Cap,Fee Waiver only,No Joining Fee,"{""General"": ""N/A""}","{""General"": ""N/A""}",Available via Reward Portal,"{""Utility"": ""Base Rate"", ""Insurance"": ""Excluded"", ""Rent"": ""Excluded"", ""Base"": ""2%""}"
Axis Neo,Axis,Entry,250,250,3-6,0.2%,Points,0.2,1,0.0,No,0,0,3.5%,,False,"zomato, entry",,,"Rent, wallet, govt, fuel",,3.89%,Low,0.00%,₹50.00,1.00%,₹200 - ₹5000,IOCL Only,Direct & Travel Edge,1%-2%,Vistara,Air India,IndiGo,Akasa,0.2,10% on Cleartrip/Yatra,0,0.2%,0.2%,0.2%,No Cap,Fee Waiver only,No Joining Fee,"{""General"": ""N/A""}","{""General"": ""N/A""}",Available via Reward Portal,"{""Utility"": ""Base Rate"", ""Insurance"": ""Excluded"", ""Rent"": ""Excluded"", ""Base"": ""0.2%""}"
YES Prosperity Rewards,YES,Entry,499,499,3-6,0.5%,Points,0.25,1,0.2,No,0,0,3.5%,,False,"rewards, entry",,,"Rent, wallet, govt, fuel",,3.89%,Low,0.00%,₹125.00,1.00%,₹400 - ₹5000,All Stations,Direct,Base,Major Carriers,,,,0.25,Bank Holidays,0,0.5%,0.5%,0.5%,No Cap,Fee Waiver only,No Joining Fee,"{""General"": ""N/A""}","{""General"": ""N/A""}",Available via Reward Portal,"{""Utility"": ""Base Rate"", ""Insurance"": ""Excluded"", ""Rent"": ""Excluded"", ""Base"": ""0.5%""}"
IDFC FIRST Power,IDFC,Entry,0,0,3-6,1%,Points,0.25,1,0.0,No,0,0,3.5%,,True,"fuel, budget",,,"Rent, wallet, govt, fuel",,3.89%,Low,5% (HPCL)*,₹125 (Rewards),1.00%,Min ₹200,HPCL Primary,Direct,Base,Major Carriers,,,,0.25,Bank Holidays,0,1%,1%,1%,No Cap,Fee Waiver only,No Joining Fee,"{""General"": ""N/A""}","{""General"": ""N/A""}",Available via Reward Portal,"{""Utility"": ""Base Rate"", ""Insurance"": ""Excluded"", ""Rent"": ""Excluded"", ""Base"": ""1%""}"
IndusInd Nexxt,IndusInd,Mid,1999,0,6-12,1%,Points,1.0,1,0.5,No,4,0,3.5%,,True,"emi, gadgets",,4 dom quarterly,"Rent, wallet, govt, fuel",,3.89%,Low,0.00%,₹250.00,1.00%,₹500 - ₹3000,All Stations,Direct,Base,Major Carriers,,,,0.25,Bank Holidays,0,1%,2.0%,1%,No Cap,Annual Fee Waiver,No Joining Fee,"{""General"": ""N/A""}","{""General"": ""N/A""}",Available via Reward Portal,"{""Utility"": ""Base Rate"", ""Insurance"": ""Excluded"", ""Rent"": ""Excluded"", ""Base"": ""1%""}"
Axis SpiceJet,Axis,Entry,0,0,3-6,1%,Points,1.0,1,0.0,No,0,0,3.5%,,True,"travel, spicejet",,,"Rent, wallet, govt, fuel",,3.89%,Med (SpiceJet),0.00%,₹400.00,1.00%,₹400 - ₹4000,All Stations,Direct & SpiceJet Website,2%-5% (Co-branded),SpiceJet,,,,1.0,10% on Cleartrip/Yatra,0,1%,1%,1%,No Cap,Fee Waiver only,No Joining Fee,"{""General"": ""N/A""}","{""General"": ""N/A""}",Available via Reward Portal,"{""Utility"": ""Base Rate"", ""Insurance"": ""Excluded"", ""Rent"": ""Excluded"", ""Base"": ""1%""}"
RBL BIKESafe,RBL,Entry,0,0,3-6,0.5%,Points,0.25,1,0.0,No,0,0,3.5%,,True,"fuel, safety",,,"Rent, wallet, govt, fuel",,3.89%,Low,5% (IOCL)*,₹100.00,1.00%,₹100 - ₹4000,IOCL Primary,Direct,Base,Major Carriers,,,,0.25,Bank Holidays,0,0.5%,0.5%,0.5%,No Cap,Fee Waiver only,No Joining Fee,"{""General"": ""N/A""}","{""General"": ""N/A""}",Available via Reward Portal,"{""Utility"": ""Base Rate"", ""Insurance"": ""Excluded"", ""Rent"": ""Excluded"", ""Base"": ""0.5%""}"
IDFC FIRST Classic,IDFC,Entry,0,0,3-6,0.75%,Points,0.25,1,0.5,No,0,0,3.5%,,True,"ltf, budget",,,"Rent, wallet, govt, fuel",,3.89%,Low,0.00%,₹200.00,1.00%,₹200 - ₹5000,All Stations,Direct,Base,Major Carriers,,,,0.25,Bank Holidays,0,0.75%,0.75%,0.75%,No Cap,Fee Waiver only,No Joining Fee,"{""General"": ""N/A""}","{""General"": ""N/A""}",Available via Reward Portal,"{""Utility"": ""Base Rate"", ""Insurance"": ""Excluded"", ""Rent"": ""Excluded"", ""Base"": ""0.75%""}"
SBI SimplySAVE,SBI,Entry,499,499,3-6,0.25%,Points,0.25,1,0.0,No,0,0,3.5%,,False,"offline, grocery",,,"Rent, wallet, govt, fuel",,3.89%,Low,0.00%,₹100.00,1.00%,₹500 - ₹3000,All Stations,Direct & SBI Card Portal,0.25%-1.25%,Air India,Vistara,IndiGo,,0.25,10% SBI Sales,0,0.25%,0.25%,0.25%,No Cap,Fee Waiver only,No Joining Fee,"{""General"": ""N/A""}","{""General"": ""N/A""}",Available via Reward Portal,"{""Utility"": ""Base Rate"", ""Insurance"": ""Excluded"", ""Rent"": ""Excluded"", ""Base"": ""0.25%""}"
AU LIT,AU,Entry,0,0,3-6,1%,Points,0.25,1,0.0,No,0,0,3.5%,,True,"custom, features",,,"Rent, wallet, govt, fuel",,3.89%,Low,0% (Base),₹150*,1.00%,₹400 - ₹5000,All Stations,Direct,Base,Major Carriers,,,,0.25,Bank Holidays,0,1%,1%,1%,No Cap,Fee Waiver only,No Joining Fee,"{""General"": ""N/A""}","{""General"": ""N/A""}",Available via Reward Portal,"{""Utility"": ""Base Rate"", ""Insurance"": ""Excluded"", ""Rent"": ""Excluded"", ""Base"": ""1%""}"
Kotak Zen,Kotak,Mid,1500,1500,6-12,1%,Points,0.25,1,0.5,No,8,0,3.5%,,False,"lifestyle, rewards",Varies,8 dom quarterly,"Rent, wallet, govt, fuel",,3.89%,Low,0.00%,₹100.00,1.00%,₹500 - ₹3000,All Stations,Direct,Base,Major Carriers,,,,0.25,Bank Holidays,0,1%,2.0%,1%,No Cap,Annual Fee Waiver,Welcome points equivalent to fee,"{""General"": ""N/A""}","{""General"": ""N/A""}",Available via Reward Portal,"{""Utility"": ""Base Rate"", ""Insurance"": ""Excluded"", ""Rent"": ""Excluded""}"
ICICI MMT Sig,ICICI,Mid,2500,0,6-12,1%,MyCash,1.0,1,0.0,No,4,1,3.5%,,True,"makemytrip, travel",,4 dom quarterly,"Rent, wallet, govt, fuel",,3.89%,Med (MMT),0.00%,₹100.00,1.00%,Max ₹4000,HPCL Only,Direct & MMT Website,2%-5% (Co-branded),MakeMyTrip,IndiGo,Akasa,Air India,1.0,10% ICICI Tuesdays,0,1%,2.0%,1%,No Cap,Annual Fee Waiver,No Joining Fee,"{""General"": ""N/A""}","{""General"": ""N/A""}",Available via Reward Portal,"{""Utility"": ""Base Rate"", ""Insurance"": ""Excluded"", ""Rent"": ""Excluded"", ""Base"": ""1%""}"
HDFC Business Regalia,HDFC,Premium,2500,2500,12-18,1.3%,Points,0.5,5,0.5,No,12,6,2%,,False,"business, travel",Varies,Spend-based,"Rent, wallet, govt, fuel",,2.36%,Med,0%,₹250,1.00%,₹400 - ₹5000,All Stations,SmartBuy Portal,0.33%-1%,IndiGo,Air India,Vistara,SpicelJet,1.0,10% on SmartBuy (Cycles),0,2.0%,3.0%,1.3%,No Cap,High Spend Vouchers,Welcome points equivalent to fee,"{""General"": ""N/A""}","{""General"": ""N/A""}",Available via Reward Portal,"{""Utility"": ""Base Rate"", ""Insurance"": ""Excluded"", ""Rent"": ""Excluded""}"
Bank of Baroda Eterna,BOB,Premium,2499,2499,12-18,0.75%,Points,0.25,1,0.0,No,Unlimited,0,2%,,False,"unlimited_lounge, dining",,Unlimited dom,"Rent, wallet, govt, fuel, insurance",,2.36%,Low-Med,0% (Excluded),₹250,1%,"₹400 – ₹5,000",All Stations,Direct,Base,Major Carriers,,,,0.25,Bank Holidays,0,2.0%,3.0%,0.75%,No Cap,High Spend Vouchers,Welcome points equivalent to fee,"{""General"": ""N/A""}","{""General"": ""N/A""}",Available via Reward Portal,"{""Utility"": ""Base Rate"", ""Insurance"": ""Excluded"", ""Rent"": ""Excluded""}"
Federal Celesta,Federal,Premium,3000,3000,15-25,1%,Points,0.25,1,0.0,No,Unlimited,4,2%,,False,"premium, lounge",Varies,Unlimited dom + 4 intl,"Rent, wallet, govt, fuel",,2.36%,Med,0.00%,₹300.00,1.00%,₹200 - ₹5000,All Stations,Direct,Base,Major Carriers,,,,0.25,Bank Holidays,0,2.0%,3.0%,1%,No Cap,High Spend Vouchers,Welcome points equivalent to fee,"{""General"": ""N/A""}","{""General"": ""N/A""}",Available via Reward Portal,"{""Utility"": ""Base Rate"", ""Insurance"": ""Excluded"", ""Rent"": ""Excluded""}"
IDFC FIRST Select,IDFC,Mid,0,0,9-15,0.75%,Points,0.25,1,0.5,No,8,0,1.99%,,True,"ltf, movies",,8 dom quarterly,"Rent, wallet, govt, fuel",,2.35%,Low,0.00%,₹300 per statement cycle,1.00%,"₹200 to ₹5,000",All Fuel Stations across India,Direct,Base,Major Carriers,,,,0.25,Bank Holidays,0,0.75%,2.0%,0.75%,No Cap,Annual Fee Waiver,No Joining Fee,"{""General"": ""N/A""}","{""General"": ""N/A""}",Available via Reward Portal,"{""Utility"": ""Base Rate"", ""Insurance"": ""Excluded"", ""Rent"": ""Excluded"", ""Base"": ""0.75%""}"
RBL Monthly Treat,RBL,Entry,0,600,3-6,1%,Points,0.25,1,0.0,No,0,0,3.5%,,False,"monthly_fee, grocery",,,"Rent, wallet, govt, fuel",,3.89%,Low,,,,,,Direct,Base,Major Carriers,,,,0.25,Bank Holidays,0,1%,1%,1%,No Cap,Fee Waiver only,No Joining Fee,"{""General"": ""N/A""}","{""General"": ""N/A""}",Available via Reward Portal,"{""Utility"": ""Base Rate"", ""Insurance"": ""Excluded"", ""Rent"": ""Excluded"", ""Base"": ""1%""}"
Standard Ch. EaseMyTrip,SCB,Mid,350,350,6-12,1%,Points,0.25,1,0.0,No,4,0,3.5%,,False,"travel, discount",,4 dom quarterly,"Rent, wallet, govt, fuel",,3.89%,Med (EaseMyTrip),0% (Excluded),₹291*,1%,"₹500 – ₹5,000",All Stations,Direct,Base,Major Carriers,,,,0.25,Bank Holidays,0,1%,2.0%,1%,No Cap,Annual Fee Waiver,Welcome points equivalent to fee,"{""General"": ""N/A""}","{""General"": ""N/A""}",Available via Reward Portal,"{""Utility"": ""Base Rate"", ""Insurance"": ""Excluded"", ""Rent"": ""Excluded""}"
Kotak Mojo,Kotak,Mid,1000,1000,4-8,0.6%,Points,0.4,1,0.2,No,8,0,3.5%,,False,"lifestyle, travel",Varies,8 dom quarterly,"Rent, wallet, govt, fuel",,3.89%,Low-Med,0% (Excluded),No Cap*,1%,"₹400 – ₹4,000",All Stations,Direct,Base,Major Carriers,,,,0.25,Bank Holidays,0,0.6%,2.0%,0.6%,No Cap,Annual Fee Waiver,Welcome points equivalent to fee,"{""General"": ""N/A""}","{""General"": ""N/A""}",Available via Reward Portal,"{""Utility"": ""Base Rate"", ""Insurance"": ""Excluded"", ""Rent"": ""Excluded""}"
IndusInd Tiger,IndusInd,Mid,0,0,6-12,1.5%,Points,1.0,1,1.0,No,8,2,1.5%,,True,"travel, golf",,Spend-based,"Rent, wallet, govt, fuel",,1.77%,Med,0% (Excluded),₹150,1%,"₹400 – ₹5,000",All Stations,Direct,Base,Major Carriers,,,,0.25,Bank Holidays,0,1.5%,2.0%,1.5%,No Cap,Annual Fee Waiver,No Joining Fee,"{""General"": ""N/A""}","{""General"": ""N/A""}",Available via Reward Portal,"{""Utility"": ""Base Rate"", ""Insurance"": ""Excluded"", ""Rent"": ""Excluded"", ""Base"": ""1.5%""}"
AU Altura,AU,Entry,0,0,3-6,0.5%,Points,0.25,1,0.0,No,0,0,3.5%,,True,"cashback, budget",,,"Rent, wallet, govt, fuel",,3.89%,Low,0% (Excluded),₹100,1%,"₹500 – ₹4,000",All Stations,,,,,,,,0,0,0.5%,0.5%,0.5%,No Cap,Fee Waiver only,No Joining Fee,"{""General"": ""N/A""}","{""General"": ""N/A""}",Available via Reward Portal,"{""Utility"": ""Base Rate"", ""Insurance"": ""Excluded"", ""Rent"": ""Excluded"", ""Base"": ""0.5%""}"
RBL ShopRite,RBL,Entry,0,500,3-6,1%,Points,0.25,1,0.0,No,0,0,3.5%,,False,"grocery, budget",,,"Rent, wallet, govt, fuel",,3.89%,Low,0% (Excluded),₹250,1%,"₹400 – ₹4,000",All Stations,Direct,Base,Major Carriers,,,,0.25,Bank Holidays,0,1%,1%,1%,No Cap,Fee Waiver only,No Joining Fee,"{""General"": ""N/A""}","{""General"": ""N/A""}",Available via Reward Portal,"{""Utility"": ""Base Rate"", ""Insurance"": ""Excluded"", ""Rent"": ""Excluded"", ""Base"": ""1%""}"
HSBC Visa Platinum,HSBC,Entry,0,0,4-8,0.5%,Points,0.25,1,0.0,No,0,0,3.5%,,True,"ltf, entry",,,"Rent, wallet, govt, fuel",,3.89%,Low,0% (Excluded),₹100,1%,Min ₹400,All Stations,Direct,Base,Major Carriers,,,,0.25,Bank Holidays,0,0.5%,0.5%,0.5%,No Cap,Fee Waiver only,No Joining Fee,"{""General"": ""N/A""}","{""General"": ""N/A""}",Available via Reward Portal,"{""Utility"": ""Base Rate"", ""Insurance"": ""Excluded"", ""Rent"": ""Excluded"", ""Base"": ""0.5%""}"
Canara Visa Select,Canara,Mid,0,0,4-8,0.5%,Points,0.25,1,0.0,No,4,0,3.5%,,True,"banking, lounge",,4 dom quarterly,"Rent, wallet, govt, fuel",,3.89%,Low,0% (Excluded),₹250,1%,"₹500 – ₹4,000",All Stations,Direct,Base,Major Carriers,,,,0.25,Bank Holidays,0,0.5%,2.0%,0.5%,No Cap,Annual Fee Waiver,No Joining Fee,"{""General"": ""N/A""}","{""General"": ""N/A""}",Available via Reward Portal,"{""Utility"": ""Base Rate"", ""Insurance"": ""Excluded"", ""Rent"": ""Excluded"", ""Base"": ""0.5%""}"
SBI Prime,SBI,Premium,2999,2999,8-15,2%,Points,0.25,1,0.5,No,8,4,3.5%,,False,"lifestyle, milestones",Varies,Spend-based,"Rent, wallet, govt, fuel",,3.89%,Med,0% (Excluded),₹250,1%,"₹400 – ₹5,000",All Stations,Direct & SBI Card Portal,0.25%-1.25%,Air India,Vistara,IndiGo,,0.25,10% SBI Sales,0,2.0%,3.0%,2%,No Cap,High Spend Vouchers,Welcome points equivalent to fee,"{""General"": ""N/A""}","{""General"": ""N/A""}",Available via Reward Portal,"{""Utility"": ""Base Rate"", ""Insurance"": ""Excluded"", ""Rent"": ""Excluded""}"
AU Vetta,AU,Mid,2999,2999,7.2,1%,Points,0.25,1,0.5,No,4,0,2%,,False,"lifestyle, movie",Varies,4 dom quarterly,"Rent, wallet, govt, fuel",,2.36%,Low,0% (Excluded),₹250,1%,"₹500 – ₹4,000",All Stations,Direct,Base,Major Carriers,,,,0.25,Bank Holidays,0,1%,2.0%,1%,No Cap,Annual Fee Waiver,Welcome points equivalent to fee,"{""General"": ""N/A""}","{""General"": ""N/A""}",Available via Reward Portal,"{""Utility"": ""Base Rate"", ""Insurance"": ""Excluded"", ""Rent"": ""Excluded""}"
PNB RuPay Platinum,PNB,Entry,0,0,3-6,0.25%,Points,0.25,1,0.0,No,2,0,3.5%,,True,"upi, budget",,2 dom quarterly,"Rent, wallet, govt, fuel",,3.89%,Low,0% (Excluded),₹100,1%,No specific limit,All Stations,Direct,Base,Major Carriers,,,,0.25,Bank Holidays,0,0.25%,0.25%,0.25%,No Cap,Fee Waiver only,No Joining Fee,"{""General"": ""N/A""}","{""General"": ""N/A""}",Available via Reward Portal,"{""Utility"": ""Base Rate"", ""Insurance"": ""Excluded"", ""Rent"": ""Excluded"", ""Base"": ""0.25%""}"
Union Bank Platinum,Union,Entry,0,0,3-6,0.25%,Points,0.25,1,0.0,No,2,0,3.5%,,True,"banking, entry",,2 dom quarterly,"Rent, wallet, govt, fuel",,3.89%,Low,0% (Excluded),₹250,1%,"₹400 – ₹5,000",All Stations,Direct,Base,Major Carriers,,,,0.25,Bank Holidays,0,0.25%,0.25%,0.25%,No Cap,Fee Waiver only,No Joining Fee,"{""General"": ""N/A""}","{""General"": ""N/A""}",Available via Reward Portal,"{""Utility"": ""Base Rate"", ""Insurance"": ""Excluded"", ""Rent"": ""Excluded"", ""Base"": ""0.25%""}"
HDFC Freedom,HDFC,Entry,500,500,1.5-3,0.25%,Points,0.15,1,0.0,No,0,0,3.5%,,False,"student, entry",,,"Rent, wallet, govt, fuel",,3.89%,Low,0% (Excluded),₹250,1%,"₹500 – ₹4,000",All Stations,SmartBuy Portal,0.33%-1%,IndiGo,Air India,Vistara,SpicelJet,1.0,10% on SmartBuy (Cycles),0,0.25%,0.25%,0.25%,No Cap,Fee Waiver only,No Joining Fee,"{""General"": ""N/A""}","{""General"": ""N/A""}",Available via Reward Portal,"{""Utility"": ""Base Rate"", ""Insurance"": ""Excluded"", ""Rent"": ""Excluded"", ""Base"": ""0.25%""}"
SBI Elite,SBI,Premium,4999,4999,12-20,1.25%,Points,0.25,1,0.5,No,8,6,1.99%,,False,"movies, travel",Varies,Spend-based,"Rent, wallet, govt, fuel",,2.35%,Med,,,,,,Direct & SBI Card Portal,0.25%-1.25%,Air India,Vistara,IndiGo,,0.25,10% SBI Sales,0,2.0%,3.0%,1.25%,No Cap,High Spend Vouchers,Welcome points equivalent to fee,"{""General"": ""N/A""}","{""General"": ""N/A""}",Available via Reward Portal,"{""Utility"": ""Base Rate"", ""Insurance"": ""Excluded"", ""Rent"": ""Excluded""}"
